bad,good
aaron gary,aaron gray
akeem olajuwon,hakeem olajuwon
allen houston,allan houston
andrew declerq,andrew declercq
anthonio daniels,antonio daniels
anthony cooke,anthony cook
anthony frederick,anthony fredrick
anthony toliver,anthony tolliver
arinze onaku,arinze onuaku
bem uzoh,ben uzoh
bernad thompson,bernard thompson
bob hansen,bobby hansen
brian stith,bryant stith
bryan oliver,brian oliver
bryant stith,brian stith
bryon houston,byron houston
bryon scott,byron scott
byron russell,bryon russell
cartier martin,carter martin
charles shackelford,charles shackleford
chris jeffries,chris jefferies
christain laettner,christian laettner
christian leattner,christian laettner
corey alexander,cory alexander
curtis borchard,curtis borchardt
damon baily,damon bailey
danny aigne,danny ainge
dan schayes,danny schayes
dominque wilkins,dominique wilkins
don mclean,don maclean
dontae jones,dontae' jones
dorell wright,dorrell wright
duance causwell,duane causwell
duane causewell,duane causwell
earvin johnson,magic johnson
ed pinckney,ed pickney
elliott perry,elliot perry
elmore spenser,elmore spencer
*garrett temple,garrett temple
gerald king,gerard king
gustova ayon,gustavo ayon
hassen adams,hassan adams
ian tabak,zan tabak
james edards,james edwards
jeff frayer,jeff grayer
jerod mustaf,jerrod mustaf
jerome richardson,pooh richardson
john battie,john battle
jon sundvoid,jon sundvold
jon sunvold,jon sundvold
jordan farmer,jordan farmar
jorge guiterrez,jorge gutierrez
judd buechler,jud buechler
kendal gill,kendall gill
kenny battie,kenny battle
kevin gamle,kevin gamble
kik vandeweghe,kiki vandeweghe
kurt nimphus,kurt nimphius
larry krystowiak,larry krystkowiak
larry kystowiak,larry krystkowiak
lazero borrell,lazaro borrell
les jepson,les jepsen
mahmoud abdul rauf,mahmoud abdul-rauf
malron maxey,marlon maxey
marco milic,marko milic
mark iavaroni,marc iavaroni
mark randell,mark randall
martin muurseep,martin muursepp
marty conion,marty conlon
mike smerk,mike smrek
miroslav radujica,miroslav raduljica
mohamed sene,mouhamed sene
moses malones,moses malone
mugssy bogues,muggsy bogues
mychael thompson,mychal thompson
mychel thompson,mychal thompson
nate mcmillian,nate mcmillan
nate wolter,nate wolters
nick johnson,buck johnson
orien green,orien greene
patrick beverly,patrick beverley
preist lauderdale,priest lauderdale
quinten dailey,quintin dailey
randy beuer,randy breuer
raphael addison,rafael addison
richard petruski,richard petruska
ricky green,rickey green
roger mason jr.,roger mason jr
ryan lothridge,ryan lorthridge
sarunis marciulionis,sarunas marciulionis
sasha kravtosov,sasha kravtsov
scott padgettt,scott padgett
scott pollard,scot pollard
sean elliot,sean elliott
sidney moncreif,sidney moncrief
soumalia samake,soumaila samake
spuds webb,spud webb
stojko vrankovic,stoyko vrankovic
tatte george,tate george
tim tegler,tim legler
todd murphy,tod murphy
tony douglas,toney douglas
vassillis spanoulis,vassilis spanoulis
vern flemming,vern fleming
vinne del negro,vinny del negro
wes mathews,wes matthews
willliam avery,william avery
zydrundas ilgauskas,zydrunas ilgauskas